PassengerId,Survived
892,-2147483648
893,-2147483648
894,-2147483648
895,-2147483648
896,-2147483648
897,-2147483648
898,-2147483648
899,-2147483648
900,-2147483648
901,-2147483648
902,-2147483648
903,-2147483648
904,-2147483648
905,-2147483648
906,-2147483648
907,-2147483648
908,-2147483648
909,-2147483648
910,-2147483648
911,-2147483648
912,-2147483648
913,-2147483648
914,-2147483648
915,-2147483648
916,-2147483648
917,-2147483648
918,-2147483648
919,-2147483648
920,-2147483648
921,-2147483648
922,-2147483648
923,-2147483648
924,-2147483648
925,-2147483648
926,-2147483648
927,-2147483648
928,-2147483648
929,-2147483648
930,-2147483648
931,-2147483648
932,-2147483648
933,-2147483648
934,-2147483648
935,-2147483648
936,-2147483648
937,-2147483648
938,-2147483648
939,-2147483648
940,-2147483648
941,-2147483648
942,-2147483648
943,-2147483648
944,-2147483648
945,-2147483648
946,-2147483648
947,-2147483648
948,-2147483648
949,-2147483648
950,-2147483648
951,-2147483648
952,-2147483648
953,-2147483648
954,-2147483648
955,-2147483648
956,-2147483648
957,-2147483648
958,-2147483648
959,-2147483648
960,-2147483648
961,-2147483648
962,-2147483648
963,-2147483648
964,-2147483648
965,-2147483648
966,-2147483648
967,-2147483648
968,-2147483648
969,-2147483648
970,-2147483648
971,-2147483648
972,-2147483648
973,-2147483648
974,-2147483648
975,-2147483648
976,-2147483648
977,-2147483648
978,-2147483648
979,-2147483648
980,-2147483648
981,-2147483648
982,-2147483648
983,-2147483648
984,-2147483648
985,-2147483648
986,-2147483648
987,-2147483648
988,-2147483648
989,-2147483648
990,-2147483648
991,-2147483648
992,-2147483648
993,-2147483648
994,-2147483648
995,-2147483648
996,-2147483648
997,-2147483648
998,-2147483648
999,-2147483648
1000,-2147483648
1001,-2147483648
1002,-2147483648
1003,-2147483648
1004,-2147483648
1005,-2147483648
1006,-2147483648
1007,-2147483648
1008,-2147483648
1009,-2147483648
1010,-2147483648
1011,-2147483648
1012,-2147483648
1013,-2147483648
1014,-2147483648
1015,-2147483648
1016,-2147483648
1017,-2147483648
1018,-2147483648
1019,-2147483648
1020,-2147483648
1021,-2147483648
1022,-2147483648
1023,-2147483648
1024,-2147483648
1025,-2147483648
1026,-2147483648
1027,-2147483648
1028,-2147483648
1029,-2147483648
1030,-2147483648
1031,-2147483648
1032,-2147483648
1033,-2147483648
1034,-2147483648
1035,-2147483648
1036,-2147483648
1037,-2147483648
1038,-2147483648
1039,-2147483648
1040,-2147483648
1041,-2147483648
1042,-2147483648
1043,-2147483648
1044,-2147483648
1045,-2147483648
1046,-2147483648
1047,-2147483648
1048,-2147483648
1049,-2147483648
1050,-2147483648
1051,-2147483648
1052,-2147483648
1053,-2147483648
1054,-2147483648
1055,-2147483648
1056,-2147483648
1057,-2147483648
1058,-2147483648
1059,-2147483648
1060,-2147483648
1061,-2147483648
1062,-2147483648
1063,-2147483648
1064,-2147483648
1065,-2147483648
1066,-2147483648
1067,-2147483648
1068,-2147483648
1069,-2147483648
1070,-2147483648
1071,-2147483648
1072,-2147483648
1073,-2147483648
1074,-2147483648
1075,-2147483648
1076,-2147483648
1077,-2147483648
1078,-2147483648
1079,-2147483648
1080,-2147483648
1081,-2147483648
1082,-2147483648
1083,-2147483648
1084,-2147483648
1085,-2147483648
1086,-2147483648
1087,-2147483648
1088,-2147483648
1089,-2147483648
1090,-2147483648
1091,-2147483648
1092,-2147483648
1093,-2147483648
1094,-2147483648
1095,-2147483648
1096,-2147483648
1097,-2147483648
1098,-2147483648
1099,-2147483648
1100,-2147483648
1101,-2147483648
1102,-2147483648
1103,-2147483648
1104,-2147483648
1105,-2147483648
1106,-2147483648
1107,-2147483648
1108,-2147483648
1109,-2147483648
1110,-2147483648
1111,-2147483648
1112,-2147483648
1113,-2147483648
1114,-2147483648
1115,-2147483648
1116,-2147483648
1117,-2147483648
1118,-2147483648
1119,-2147483648
1120,-2147483648
1121,-2147483648
1122,-2147483648
1123,-2147483648
1124,-2147483648
1125,-2147483648
1126,-2147483648
1127,-2147483648
1128,-2147483648
1129,-2147483648
1130,-2147483648
1131,-2147483648
1132,-2147483648
1133,-2147483648
1134,-2147483648
1135,-2147483648
1136,-2147483648
1137,-2147483648
1138,-2147483648
1139,-2147483648
1140,-2147483648
1141,-2147483648
1142,-2147483648
1143,-2147483648
1144,-2147483648
1145,-2147483648
1146,-2147483648
1147,-2147483648
1148,-2147483648
1149,-2147483648
1150,-2147483648
1151,-2147483648
1152,-2147483648
1153,-2147483648
1154,-2147483648
1155,-2147483648
1156,-2147483648
1157,-2147483648
1158,-2147483648
1159,-2147483648
1160,-2147483648
1161,-2147483648
1162,-2147483648
1163,-2147483648
1164,-2147483648
1165,-2147483648
1166,-2147483648
1167,-2147483648
1168,-2147483648
1169,-2147483648
1170,-2147483648
1171,-2147483648
1172,-2147483648
1173,-2147483648
1174,-2147483648
1175,-2147483648
1176,-2147483648
1177,-2147483648
1178,-2147483648
1179,-2147483648
1180,-2147483648
1181,-2147483648
1182,-2147483648
1183,-2147483648
1184,-2147483648
1185,-2147483648
1186,-2147483648
1187,-2147483648
1188,-2147483648
1189,-2147483648
1190,-2147483648
1191,-2147483648
1192,-2147483648
1193,-2147483648
1194,-2147483648
1195,-2147483648
1196,-2147483648
1197,-2147483648
1198,-2147483648
1199,-2147483648
1200,-2147483648
1201,-2147483648
1202,-2147483648
1203,-2147483648
1204,-2147483648
1205,-2147483648
1206,-2147483648
1207,-2147483648
1208,-2147483648
1209,-2147483648
1210,-2147483648
1211,-2147483648
1212,-2147483648
1213,-2147483648
1214,-2147483648
1215,-2147483648
1216,-2147483648
1217,-2147483648
1218,-2147483648
1219,-2147483648
1220,-2147483648
1221,-2147483648
1222,-2147483648
1223,-2147483648
1224,-2147483648
1225,-2147483648
1226,-2147483648
1227,-2147483648
1228,-2147483648
1229,-2147483648
1230,-2147483648
1231,-2147483648
1232,-2147483648
1233,-2147483648
1234,-2147483648
1235,-2147483648
1236,-2147483648
1237,-2147483648
1238,-2147483648
1239,-2147483648
1240,-2147483648
1241,-2147483648
1242,-2147483648
1243,-2147483648
1244,-2147483648
1245,-2147483648
1246,-2147483648
1247,-2147483648
1248,-2147483648
1249,-2147483648
1250,-2147483648
1251,-2147483648
1252,-2147483648
1253,-2147483648
1254,-2147483648
1255,-2147483648
1256,-2147483648
1257,-2147483648
1258,-2147483648
1259,-2147483648
1260,-2147483648
1261,-2147483648
1262,-2147483648
1263,-2147483648
1264,-2147483648
1265,-2147483648
1266,-2147483648
1267,-2147483648
1268,-2147483648
1269,-2147483648
1270,-2147483648
1271,-2147483648
1272,-2147483648
1273,-2147483648
1274,-2147483648
1275,-2147483648
1276,-2147483648
1277,-2147483648
1278,-2147483648
1279,-2147483648
1280,-2147483648
1281,-2147483648
1282,-2147483648
1283,-2147483648
1284,-2147483648
1285,-2147483648
1286,-2147483648
1287,-2147483648
1288,-2147483648
1289,-2147483648
1290,-2147483648
1291,-2147483648
1292,-2147483648
1293,-2147483648
1294,-2147483648
1295,-2147483648
1296,-2147483648
1297,-2147483648
1298,-2147483648
1299,-2147483648
1300,-2147483648
1301,-2147483648
1302,-2147483648
1303,-2147483648
1304,-2147483648
1305,-2147483648
1306,-2147483648
1307,-2147483648
1308,-2147483648
1309,-2147483648
