2,2020-01-08 12:00:00,10009
3,2020-01-10 23:00:00,10001
4,2020-01-11 23:00:00,10001
5,2020-01-12 23:00:00,10001
6,2020-01-13 23:00:00,10001
7,2020-01-14 23:00:00,10001
8,2020-01-15 23:00:00,10001
9,2020-01-16 23:00:00,10001
10,2020-01-17 23:00:00,10001
11,2020-01-18 23:00:00,10001
12,2020-01-19 23:00:00,10001
14,2020-01-20 23:00:00,10001
15,2020-01-21 23:00:00,10001
16,2020-01-10 23:00:00,10002
17,2020-01-11 23:00:00,10002
18,2020-01-12 23:00:00,10002
19,2020-01-13 23:00:00,10002
20,2020-01-14 23:00:00,10002
21,2020-01-15 23:00:00,10002
22,2020-01-16 23:00:00,10002
23,2020-01-17 23:00:00,10002
24,2020-01-18 23:00:00,10002
25,2020-01-19 23:00:00,10002
26,2020-01-20 23:00:00,10002
27,2020-01-21 23:00:00,10002
28,2020-01-22 23:00:00,10002
29,2020-01-23 23:00:00,10002
30,2020-01-24 23:00:00,10002
31,2020-01-25 23:00:00,10002
32,2020-01-26 23:00:00,10002
33,2020-01-27 23:00:00,10002
34,2020-01-28 23:00:00,10002
35,2020-01-29 23:00:00,10002
36,2020-01-24 23:00:00,10003
37,2020-01-25 23:00:00,10003
38,2020-01-26 23:00:00,10003
39,2020-01-27 23:00:00,10003
40,2020-01-28 23:00:00,10003
41,2020-01-29 23:00:00,10008
42,2020-01-27 23:00:00,10008
43,2020-01-28 23:00:00,10008
44,2020-01-29 23:00:00,10008
